INSERT INTO department (id,department_name)
VALUES (100,"Management"),
       (200,"Finance"),
       (300,"Marketing"),
       (400,"Production department"),
       (500,"Human Resources"),
       (600,"Information Technology");

INSERT INTO work_role (title,salary,department_id)
VALUES ("Chief Executive Officer (CEO)",450000,100),
       ("Chief Financial Officer (CFO)",350000,100),
       ("Chief Operating Officer (COO)",250000,100),
       ("Customer Service Representative",40000,200),
       ("Sales Manager",140000,200),
       ("Product Developer",80000,300),
       ("Human Resources Specialist",95000,500),
       ("Accountant",65000,200),
       ("Marketing Manager",85000,300),
       ("Business Analyst",65000,300),
       ("Marketing Specialist",75000,300),
       ("Graphic Designer",60000,400),
       ("Receptionist",35000,400),
       ("Human Resource Personnel",50000,500);

INSERT INTO employee (first_name, last_name, role_id, manager_id)
VALUES ('John', 'Doe', 7, 1),
       ('Jane', 'Doe', 3, 1),
       ('Bob', 'Smith', 12, 1),
       ('Samantha', 'Johnson', 9, 1),
       ('Michael', 'Williams', 2, 1),
       ('Emily', 'Jones', 5, 1),
       ('David', 'Brown', 8, 1),
       ('Avery', 'Davis', 11, 1),
       ('Olivia', 'Miller', 4, 1),
       ('William', 'Wilson', 10, 1),
       ('Sophia', 'Moore', 6, 1),
       ('Ethan', 'Taylor', 13, 1),
       ('Isabella', 'Anderson', 2, 1),
       ('James', 'Thomas', 7, 1),
       ('Mia', 'Jackson', 3, 1),
       ('Benjamin', 'White', 12, 1),
       ('Charlotte', 'Harris', 9, 1),
       ('Lucas', 'Martin', 5, 1),
       ('Amelia', 'Thompson', 8, 1),
       ('Alexander', 'Garcia', 11, 1),
       ('Harper', 'Martinez', 4, 1),
       ('Daniel', 'Robinson', 10, 1),
       ('Abigail', 'Clark', 6, 1),
       ('Matthew','Rodriguez' ,13 ,1 ),
       ('Elizabeth','Lewis' ,2 ,1 ),
       ('Christopher','Lee' ,7 ,1 ),
       ('Victoria','Walker' ,3 ,1 ),
       ('Ryan','Hall' ,12 ,1 ),
       ('Grace','Allen' ,9 ,1 ),
       ('Nathan','Young' ,5 ,1 ),
       ('Chloe','King' ,8 ,1 ),
       ('Andrew','Wright' ,11 ,1 ),
       ('Zoe','Scott' ,4 ,1 ),
       ('William','Green' ,10 ,1 ),
       ('Madison','Baker' ,6 ,1 ),
       ('Joshua','Adams' ,13 ,1 ),
       ('Lily','Nelson' ,2 ,1 ),
       ('David','Carter' ,7 ,1 ),
       ('Alyssa','Mitchell' ,3 ,1 ),
       ('Logan','Perez' ,12 ,1 ),
       ('Lauren','Roberts' ,9 ,1 ),
       ('Elijah','Turner' ,5 ,1 ),
       ('Sofia','Phillips' ,8 ,1 ),
       ('Gabriel','Campbell' ,11 ,1 ),
       ('Avery','Parker' ,4 ,1 );